{"defence":{"2020-21":34200000000.0,"2021-22":36300000000.0,"2022-23":38900000000.0,"2023-24":42500000000.0,"2024-25":45900000000.0,"2025-26":48900000000.0},"economy":{"2014-15":22677.837,"2016-17":2534.321,"2020-21":12300000000.0,"2021-22":13100000000.0,"2022-23":13900000000.0,"2023-24":14600000000.0,"2024-25":15300000000.0,"2025-26":16000000000.0},"education":{"2020-21":42600000000.0,"2021-22":44300000000.0,"2022-23":46400000000.0,"2023-24":48200000000.0,"2024-25":50300000000.0,"2025-26":52400000000.0},"environment":{"2015-16":6.307,"2016-17":9.309,"2020-21":8500000000.0,"2021-22":8900000000.0,"2022-23":9400000000.0,"2023-24":9900000000.0,"2024-25":10500000000.0,"2025-26":11200000000.0},"health":{"2020-21":93800000000.0,"2021-22":104300000000.0,"2022-23":105800000000.0,"2023-24":111200000000.0,"2024-25":117400000000.0,"2025-26":123900000000.0},"indigenous":{"2020-21":4700000000.0,"2021-22":4800000000.0,"2022-23":5100000000.0,"2023-24":5400000000.0,"2024-25":5700000000.0,"2025-26":6000000000.0},"infrastructure":{"2013-14":382.241,"2014-15":117.19399999999999,"2020-21":13400000000.0,"2021-22":13900000000.0,"2022-23":14700000000.0,"2023-24":15400000000.0,"2024-25":16100000000.0,"2025-26":16800000000.0},"justice":{"2020-21":5900000000.0,"2021-22":6100000000.0,"2022-23":6400000000.0,"2023-24":6700000000.0,"2024-25":7100000000.0,"2025-26":7500000000.0},"other":{"2013-14":23438.115999999998,"2014-15":13134.862000000001,"2015-16":26482.221,"2016-17":32675.121,"2020-21":24800000000.0,"2021-22":19500000000.0,"2022-23":21100000000.0,"2023-24":188150000000.0,"2024-25":203100000000.0,"2025-26":219250000000.0},"welfare":{"2020-21":221700000000.0,"2021-22":227500000000.0,"2022-23":232400000000.0,"2023-24":247300000000.0,"2024-25":266700000000.0,"2025-26":281300000000.0}}